,Person,Section,EntryTime,ExitTime
0,P1,A1,19:23:07.170704,19:23:08.373235
1,P1,A3,19:23:08.387414,
